season,avg_temp_f,avg_daily_range,avg_precip,rainy_days_pct,extreme_temp_days_pct
Fall,64.38087983755375,18.748978021978022,1.8726923076923077,31.92307692307692,14.780219780219781
Spring,59.96739402173913,18.499597826086955,3.4621195652173915,50.65217391304348,10.326086956521738
Summer,76.61378260869566,19.07461956521739,2.379021739130435,46.141304347826086,38.858695652173914
Winter,45.703785941075516,16.309858695652174,3.2271739130434782,43.423913043478265,29.456521739130437
NA,45.41,0,0.13999999999999999,10,10
