effective_df,gam_p_value,gam_r_squared,gam_deviance_explained
8.765731897284747,0,0.14650129216021957,14.698063229653426
