optimal_temperature,ci_lower,ci_upper,quad_term_significance,r_squared
51.54434436667387,50.812446687823545,52.21024235119026,TRUE,0.13623427175896285
